Dataset,FeatureSubset,IncludedGroups,ExcludedGroups,Source objective,ValidationAccuracy@20_40,NDCG@20,Recall@20,Hit@20,Pers@20,AvgPop@20,NDCG@40,Recall@40,Hit@40,Pers@40,AvgPop@40,ValidationCRRU@20,ValidationCRRU@40,ValidationCRRU@20_40,PosthocCRRU@20,PosthocCRRU@40,Time/epoch (s),Peak VRAM (MB),Batch,CompletedTrials,Status
amazonbook,graph_only,,,0.14252697206550097,0.03489482644945383,0.02438884787261486,0.04411305859684944,0.11551393568515778,0.9729649424552917,0.082220658659935,0.03143122419714928,0.06957454234361649,0.17563588917255402,0.9615570902824402,0.07303182035684586,0.13040621451718198,0.15782554077958713,0.14411587764838457,0.13040621451718198,0.15782554077958713,1.9200081632391275,14940.0,1048576.0,10,completed
amazonbook,graph_only,,,0.14159810213007018,0.03477592840790749,0.024620164185762405,0.043919067829847336,0.11767946183681488,0.9532765746116638,0.10066239535808563,0.031352195888757706,0.06783249974250793,0.17673765122890472,0.9341699481010437,0.08924291282892227,0.1305098944480598,0.1564881858441023,0.14349904014608106,0.1305098944480598,0.1564881858441023,2.168710238739194,9478.0,524288.0,10,completed
amazonbook,graph_only,,,0.14123603923562872,0.03438800349831581,0.024177372455596924,0.04330601543188095,0.11218965798616409,0.9692067503929138,0.08068710565567017,0.031097091734409332,0.06808249652385712,0.17284348607063293,0.9545688629150391,0.07402268052101135,0.1292611960993506,0.15635460364975082,0.14280789987455073,0.1292611960993506,0.15635460364975082,1.9227670982608802,14934.0,1048576.0,10,completed
amazonbook,graph_only,,,0.1410564837090209,0.034268470294773576,0.02404034696519375,0.043161895126104355,0.11224664002656937,0.9692592620849609,0.08009415864944458,0.03100017085671425,0.06807797402143478,0.17322340607643127,0.9546039700508118,0.0735999271273613,0.1289846184267323,0.1562490741021655,0.14261684626444893,0.1289846184267323,0.1562490741021655,1.9207180640217343,14986.0,1048576.0,10,completed
amazonbook,graph_only,,,0.13936477170490702,0.03343616668134928,0.0232914499938488,0.04261760413646698,0.11163877695798874,0.9719670414924622,0.06878568977117538,0.029940906912088394,0.06644904613494873,0.16898733377456665,0.9593520760536194,0.06426061689853668,0.12757366466496067,0.15385291361025552,0.1407132891376081,0.12757366466496067,0.15385291361025552,1.9203291151305009,14994.0,1048576.0,10,completed
amazonbook,graph_only,,,0.1392116910532381,0.0333480866625905,0.023203959688544273,0.0425059050321579,0.11135383695363998,0.9729655981063843,0.06773091107606888,0.029865480959415436,0.06639808416366577,0.16868339478969574,0.9604362845420837,0.06344068795442581,0.12736400901824202,0.15371809647687765,0.14054105274755985,0.12736400901824202,0.15371809647687765,1.9261821847609573,14928.0,1048576.0,10,completed
amazonbook,graph_only,,,0.13901170646477956,0.0333465475589037,0.022900208830833435,0.04269688203930855,0.106661856174469,0.9839659929275513,0.07311108708381653,0.029738660901784897,0.06761423498392105,0.16433334350585938,0.9768853187561035,0.06446503102779388,0.12672655551101944,0.15406459378652088,0.14039557464877017,0.12672655551101944,0.15406459378652088,1.9197540285218249,14950.0,1048576.0,10,completed
amazonbook,graph_only,,,0.1390007366340994,0.03350158780813217,0.023157930001616478,0.04287111014127731,0.10979617387056351,0.9732469320297241,0.09011738002300262,0.02989913895726204,0.06719974428415298,0.16659384965896606,0.9619714021682739,0.07894142717123032,0.12734967631362848,0.15400309566563988,0.14067638598963417,0.12734967631362848,0.15400309566563988,2.1714859769566353,9478.0,524288.0,10,completed
amazonbook,graph_only,,,0.13876527532262442,0.03328724857419729,0.023143351078033447,0.04238434508442879,0.10702277719974518,0.9801993370056152,0.07489809393882751,0.029824592173099518,0.06645797938108444,0.16412438452243805,0.96998530626297,0.06803275644779205,0.12688487303328497,0.15351343829270434,0.14019915566299465,0.12688487303328497,0.15351343829270434,1.921987376065258,14932.0,1048576.0,10,completed
amazonbook,graph_only,,,0.13824251447276714,0.03287401646375656,0.022921837866306305,0.04194098711013794,0.10991015285253525,0.9750269055366516,0.06344399601221085,0.029419779777526855,0.06514883786439896,0.16649886965751648,0.9629244208335876,0.05981462821364403,0.12653474290472644,0.15244123954841146,0.13948799122656896,0.12653474290472644,0.15244123954841146,1.9128707610216225,15000.0,1048576.0,10,completed
kuairand1k,all_gate0,"item_author_music,item_video_metadata,item_upload_time,item_resolution,item_category",,0.055053258141308827,0.006196228577755391,0.004359543789178133,0.007534246426075697,0.013698630034923553,0.9816243052482605,0.3077172338962555,0.005543501116335392,0.01301369909197092,0.021917808800935745,0.9678074717521667,0.3011586368083954,0.05021068112262098,0.06187287528967801,0.0560417782061495,0.05021068112262098,0.06187287528967801,0.116627972690475,3851.0,1048576.0,1,completed
kuairand1k,all_gate_neg4,"item_author_music,item_video_metadata,item_upload_time,item_resolution,item_category",,0.05607389553126696,0.007080259942449629,0.004156649578362703,0.011415526270866394,0.013698630034923553,0.9783313274383545,0.3169381320476532,0.004883522633463144,0.014155251905322075,0.021917808800935745,0.960267961025238,0.31595075130462646,0.05361474242986981,0.06059213516237408,0.057103438796121946,0.05361474242986981,0.06059213516237408,0.11963731989582509,3851.0,1048576.0,1,completed
kuairand1k,drop_item_author_music,"item_video_metadata,item_upload_time,item_resolution,item_category",item_author_music,0.05732521338422042,0.00744854724034667,0.004955520387738943,0.011415526270866394,0.013698630034923553,0.9753898978233337,0.3228381872177124,0.0054369037970900536,0.01301369909197092,0.019178081303834915,0.9544295072555542,0.32381340861320496,0.05617848595124923,0.06060211483047498,0.058390300390862106,0.05617848595124923,0.06060211483047498,0.11570521485999052,4395.0,1048576.0,1,completed
kuairand1k,drop_item_category,"item_author_music,item_video_metadata,item_upload_time,item_resolution",item_category,0.045170696912532136,0.004865026113111526,0.0019238246604800224,0.008219177834689617,0.008219177834689617,0.9849955439567566,0.3052937686443329,0.0031897088047116995,0.013698630034923553,0.019178081303834915,0.968760073184967,0.31140077114105225,0.039033432033458035,0.05294428035142738,0.04598885619244271,0.039033432033458035,0.05294428035142738,0.114337231,5064.0,1048576.0,1,completed
kuairand1k,drop_item_resolution,"item_author_music,item_video_metadata,item_upload_time,item_category",item_resolution,0.06023211533876896,0.007945882971398532,0.005143380723893642,0.011415526270866394,0.013698630034923553,0.9804840087890625,0.31300967931747437,0.0061475844122469425,0.015981733798980713,0.021917808800935745,0.9643799066543579,0.31228557229042053,0.05671932153136318,0.06594193498921509,0.061330628260289136,0.05671932153136318,0.06594193498921509,0.11711057239130163,5618.0,1048576.0,1,completed
kuairand1k,drop_item_upload_time,"item_author_music,item_video_metadata,item_resolution,item_category",item_upload_time,0.05312267547369917,0.006610594084486366,0.0035415261518210173,0.011415526270866394,0.013698630034923553,0.9817718267440796,0.306151807308197,0.004107242915779352,0.013698630034923553,0.019178081303834915,0.9667176604270935,0.3045889139175415,0.0513265343017612,0.05683098475149812,0.05407875952662966,0.0513265343017612,0.05683098475149812,0.11783076947825105,4319.0,1048576.0,2,completed
kuairand1k,drop_item_upload_time,"item_author_music,item_video_metadata,item_resolution,item_category",item_upload_time,0.05304615026905844,0.00659778758417815,0.0035216400865465403,0.011415526270866394,0.013698630034923553,0.982532799243927,0.30462759733200073,0.004088153131306171,0.013698630034923553,0.019178081303834915,0.9678628444671631,0.30338719487190247,0.05124244942873415,0.05675445117115872,0.05399845029994643,0.05124244942873415,0.05675445117115872,0.11875732454348548,4453.0,1048576.0,2,completed
kuairand1k,drop_item_video_metadata,"item_author_music,item_upload_time,item_resolution,item_category",item_video_metadata,0.058995629198624916,0.007426132308319211,0.004815246444195509,0.010045661590993404,0.013698630034923553,0.9779813885688782,0.3175032138824463,0.006059468723833561,0.015981733798980713,0.021917808800935745,0.9594780802726746,0.3175128400325775,0.05441811941679243,0.06574364610463491,0.060080882760713675,0.05441811941679243,0.06574364610463491,0.11660156000000468,4395.0,1048576.0,1,completed
kuairand1k,none,,"item_author_music,item_video_metadata,item_upload_time,item_resolution,item_category",0.03649456097177214,0.0027898502536118034,0.0007642272394150496,0.002739726100116968,0.002739726100116968,0.9923280477523804,0.2521441876888275,0.0029617752879858017,0.01278538815677166,0.019178081303834915,0.9853078722953796,0.25167620182037354,0.022536821516745915,0.05162183634395714,0.03707932893035153,0.022536821516745915,0.05162183634395714,0.12137443382609649,3851.0,1048576.0,1,completed
kuairand1k,pair_item_author_music__item_category,"item_author_music,item_category","item_video_metadata,item_upload_time,item_resolution",0.05722011730383572,0.006896246410906314,0.004451795946806669,0.008675798773765564,0.010958904400467873,0.9803658723831177,0.31476643681526184,0.006021502427756786,0.015981733798980713,0.021917808800935745,0.9635421633720398,0.31406131386756897,0.050854426685718226,0.06567945379676139,0.05826694024123981,0.050854426685718226,0.06567945379676139,0.11610791343477815,4421.0,1048576.0,1,completed
kuairand1k,pair_item_author_music__item_resolution,"item_author_music,item_resolution","item_video_metadata,item_upload_time,item_category",0.046293590046795105,0.004671516525559127,0.0024164149072021246,0.007762557361274958,0.013698630034923553,0.9899472594261169,0.1884768307209015,0.003062634263187647,0.010632745921611786,0.019178081303834915,0.9818222522735596,0.18866506218910217,0.043333472947087205,0.050471984326591675,0.04690272863683944,0.043333472947087205,0.050471984326591675,0.11562922963042618,4421.0,1048576.0,1,completed
kuairand1k,pair_item_author_music__item_upload_time,"item_author_music,item_upload_time","item_video_metadata,item_resolution,item_category",0.05389337868790002,0.0058704158291220665,0.003991333302110434,0.00639269407838583,0.010958904400467873,0.9810289740562439,0.31832781434059143,0.005740337073802948,0.0141552509739995,0.021917808800935745,0.9610635638237,0.32441192865371704,0.046526006990789015,0.06325824247162802,0.05489212473120852,0.046526006990789015,0.06325824247162802,0.11538061725804577,4421.0,1048576.0,1,completed
kuairand1k,pair_item_author_music__item_video_metadata,"item_author_music,item_video_metadata","item_upload_time,item_resolution,item_category",0.04720139265365246,0.0046258536051027475,0.0016477947356179357,0.005936072673648596,0.008219177834689617,0.9796085953712463,0.32595327496528625,0.0041896020993590355,0.016894977539777756,0.027397260069847107,0.958540678024292,0.33062833547592163,0.035089584867762605,0.061083420968987896,0.048086502918375254,0.035089584867762605,0.061083420968987896,0.11650178341177012,4421.0,1048576.0,1,completed
kuairand1k,pair_item_resolution__item_category,"item_resolution,item_category","item_author_music,item_video_metadata,item_upload_time",0.04941641483576781,0.005055639962665737,0.0024807534646242857,0.00639269407838583,0.010958904400467873,0.9749578237533569,0.32405179738998413,0.004430522210896015,0.01552511379122734,0.021917808800935745,0.9538549184799194,0.3241261839866638,0.04076775174461111,0.059903683383656724,0.050335717564133915,0.04076775174461111,0.059903683383656724,0.11649069844002952,4474.0,1048576.0,1,completed
kuairand1k,pair_item_upload_time__item_category,"item_upload_time,item_category","item_author_music,item_video_metadata,item_resolution",0.05513498029456887,0.006029164628125727,0.0038443056400865316,0.00639269407838583,0.010958904400467873,0.9783275723457336,0.32061028480529785,0.006010215729475021,0.016073059290647507,0.024657534435391426,0.9588205814361572,0.31935855746269226,0.04601897565257617,0.06628773352417684,0.0561533545883765,0.04601897565257617,0.06628773352417684,0.11754153756520162,4422.0,1048576.0,1,completed
kuairand1k,pair_item_upload_time__item_resolution,"item_upload_time,item_resolution","item_author_music,item_video_metadata,item_category",0.039434967821278435,0.0036651108413934706,0.002040138468146324,0.005479452200233936,0.005479452200233936,0.9901587963104248,0.2710758447647095,0.0027173245325684547,0.008675798773765564,0.010958904400467873,0.9805115461349487,0.2707062065601349,0.03563763684226699,0.04455497052090518,0.040096303681586086,0.03563763684226699,0.04455497052090518,0.11394929132433931,4422.0,1048576.0,1,completed
kuairand1k,pair_item_video_metadata__item_category,"item_video_metadata,item_category","item_author_music,item_upload_time,item_resolution",0.050857023258044504,0.0057588818250224,0.0033136093989014626,0.008675799705088139,0.010958904400467873,0.9772693514823914,0.32196274399757385,0.004303039517253637,0.012876712717115879,0.019178081303834915,0.9589388370513916,0.32108038663864136,0.04684582317586328,0.05675209925899231,0.05179896121742779,0.04684582317586328,0.05675209925899231,0.11577533041307343,4422.0,1048576.0,1,completed
kuairand1k,pair_item_video_metadata__item_resolution,"item_video_metadata,item_resolution","item_author_music,item_upload_time,item_category",0.03658639606032788,0.0028852561023086313,0.0009824134176597,0.0036529682110995054,0.005479452200233936,0.9907180070877075,0.27039653062820435,0.002566112671047449,0.010958904400467873,0.016438355669379234,0.9816867113113403,0.2705906331539154,0.02696081896929741,0.047438130816830806,0.037199474893064105,0.02696081896929741,0.047438130816830806,0.11606360670000868,4421.0,1048576.0,1,completed
kuairand1k,pair_item_video_metadata__item_upload_time,"item_video_metadata,item_upload_time","item_author_music,item_resolution,item_category",0.048444376820226565,0.005107367248274386,0.001891774358227849,0.007305935490876436,0.010958904400467873,0.9747426509857178,0.33845996856689453,0.0039989096112549305,0.017351597547531128,0.024657534435391426,0.9470856785774231,0.34470033645629883,0.03879201692906301,0.059952018567309306,0.049372017748186156,0.03879201692906301,0.059952018567309306,0.1136211499090705,4421.0,1048576.0,2,completed
kuairand1k,pair_item_video_metadata__item_upload_time,"item_video_metadata,item_upload_time","item_author_music,item_resolution,item_category",0.03792610806400565,0.002855053439270705,0.0013976847985759377,0.003196347039192915,0.005479452200233936,0.9916431307792664,0.24847470223903656,0.002872239798307419,0.009262883104383945,0.019178081303834915,0.9838115572929382,0.24484911561012268,0.028988618292529612,0.04806158775391786,0.038525103023223733,0.028988618292529612,0.04806158775391786,0.11884217995651378,4631.0,1048576.0,2,completed
kuairand1k,single_item_author_music,item_author_music,"item_video_metadata,item_upload_time,item_resolution,item_category",0.04813413757617159,0.004768979887012392,0.0023108073510229588,0.006849315017461777,0.010958904400467873,0.9900941252708435,0.18847709894180298,0.003760001389309764,0.013372472487390041,0.021917808800935745,0.981666088104248,0.18791081011295319,0.04105654360373394,0.056476363658305356,0.04876645363101965,0.04105654360373394,0.056476363658305356,0.12080858167392643,3850.0,1048576.0,1,completed
kuairand1k,single_item_category,item_category,"item_author_music,item_video_metadata,item_upload_time,item_resolution",0.05432566605282428,0.006247822777368128,0.0034129221457988024,0.008675799705088139,0.010958904400467873,0.979167640209198,0.31949886679649353,0.005100705660879612,0.016073059290647507,0.024657534435391426,0.9614505171775818,0.31658270955085754,0.04724736974239097,0.06340375032737088,0.05532556003488093,0.04724736974239097,0.06340375032737088,0.11669789928260876,4394.0,1048576.0,1,completed
kuairand1k,single_item_resolution,item_resolution,"item_author_music,item_video_metadata,item_upload_time,item_category",0.035608291816699174,0.0026510395284276454,0.0009593924623914063,0.003196347039192915,0.005479452200233936,0.992473304271698,0.24683327972888947,0.0024512691888958216,0.010045661590993404,0.016438355669379234,0.9851400852203369,0.24425433576107025,0.026158808943100992,0.0461795319166285,0.03616917042986474,0.026158808943100992,0.0461795319166285,0.11699823334785596,4394.0,1048576.0,1,completed
kuairand1k,single_item_upload_time,item_upload_time,"item_author_music,item_video_metadata,item_resolution,item_category",0.04440266762635484,0.00415097838267684,0.0023682473693042994,0.006066536530852318,0.010958904400467873,0.9907978773117065,0.18026863038539886,0.0031884671188890934,0.009719504974782467,0.016438355669379234,0.9830390214920044,0.1814887821674347,0.04037794274677398,0.04956130817235768,0.04496962545956583,0.04037794274677398,0.04956130817235768,0.116363492633324,4394.0,1048576.0,1,completed
kuairand1k,single_item_video_metadata,item_video_metadata,"item_author_music,item_upload_time,item_resolution,item_category",0.047692611678407666,0.004953562468290329,0.0020791541319340467,0.007305936422199011,0.010958904400467873,0.960797131061554,0.3709958493709564,0.0038710134103894234,0.015068492852151394,0.024657534435391426,0.9255622029304504,0.37270599603652954,0.03968626788712274,0.05760321167073511,0.04864473977892893,0.03968626788712274,0.05760321167073511,0.11576795130207529,3850.0,1048576.0,1,completed
kuairand1k,triple_item_author_music__item_resolution__item_category,"item_author_music,item_resolution,item_category","item_video_metadata,item_upload_time",0.05706589844064021,0.006860575266182422,0.004393783397972584,0.008675798773765564,0.010958904400467873,0.9801453351974487,0.3128162622451782,0.0059770699590444565,0.015981733798980713,0.021917808800935745,0.9629343152046204,0.31238240003585815,0.05067156002942728,0.06554159117304874,0.05810657560123801,0.05067156002942728,0.06554159117304874,0.11663267291303624,4468.0,1048576.0,1,completed
kuairand1k,triple_item_author_music__item_upload_time__item_category,"item_author_music,item_upload_time,item_category","item_video_metadata,item_resolution",0.061001924699293976,0.00773671695496887,0.0047469185665249825,0.010045661590993404,0.013698630034923553,0.9815497994422913,0.30970409512519836,0.006531308870762587,0.018721459433436394,0.024657534435391426,0.966033935546875,0.3075338304042816,0.05425052196225889,0.06996187838194035,0.06210620017209961,0.05425052196225889,0.06996187838194035,0.11742422736955158,4469.0,1048576.0,1,completed
kuairand1k,triple_item_author_music__item_upload_time__item_resolution,"item_author_music,item_upload_time,item_resolution","item_video_metadata,item_category",0.04761171431873919,0.005243024416267872,0.0028648781590163708,0.008219177834689617,0.008219177834689617,0.9839553236961365,0.30500084161758423,0.003790508955717087,0.011872145347297192,0.016438355669379234,0.96673983335495,0.3117208778858185,0.043586565035622464,0.05336125238034478,0.048473908707983626,0.043586565035622464,0.05336125238034478,0.11537407582142935,4469.0,1048576.0,2,completed
kuairand1k,triple_item_author_music__item_upload_time__item_resolution,"item_author_music,item_upload_time,item_resolution","item_video_metadata,item_category",0.047550437322497835,0.005241247976664454,0.0028648781590163708,0.008219177834689617,0.008219177834689617,0.9836090207099915,0.3094967305660248,0.0037786660250276327,0.011872145347297192,0.016438355669379234,0.9662084579467773,0.3155641257762909,0.04355625047904237,0.05327968376478088,0.048417967121911626,0.04355625047904237,0.05327968376478088,0.11578637673213572,4633.0,1048576.0,2,completed
kuairand1k,triple_item_author_music__item_video_metadata__item_category,"item_author_music,item_video_metadata,item_category","item_upload_time,item_resolution",0.05469897734025667,0.006831317231990397,0.00368925416842103,0.011415526270866394,0.013698630034923553,0.9807625412940979,0.31215083599090576,0.004477475304156542,0.014611872844398022,0.021917808800935745,0.9649326801300049,0.31139716506004333,0.05186785278873611,0.05952219296456639,0.05569502287665125,0.05186785278873611,0.05952219296456639,0.11618527102082983,4466.0,1048576.0,1,completed
kuairand1k,triple_item_author_music__item_video_metadata__item_resolution,"item_author_music,item_video_metadata,item_resolution","item_upload_time,item_category",0.042737742132776924,0.003888456558343023,0.0017706428188830614,0.006066536530852318,0.010958904400467873,0.9905953407287598,0.188320592045784,0.0028215094935148954,0.010632745921611786,0.019178081303834915,0.982418417930603,0.1875687688589096,0.03724669284164808,0.049350534579584104,0.04329861371061609,0.03724669284164808,0.049350534579584104,0.11425073111427732,4512.0,1048576.0,1,completed
kuairand1k,triple_item_author_music__item_video_metadata__item_upload_time,"item_author_music,item_video_metadata,item_upload_time","item_resolution,item_category",0.049529011882577474,0.00546990450238809,0.002604897366836667,0.008675798773765564,0.010958904400467873,0.9853439927101135,0.3064667284488678,0.003886540187522769,0.0141552509739995,0.021917808800935745,0.9696063995361328,0.3119482100009918,0.043930563519736204,0.05692412241153009,0.05042734296563314,0.043930563519736204,0.05692412241153009,0.11685740126085875,4518.0,1048576.0,1,completed
kuairand1k,triple_item_upload_time__item_resolution__item_category,"item_upload_time,item_resolution,item_category","item_author_music,item_video_metadata",0.054025643518222664,0.005906088300980628,0.0038007714319974184,0.00639269407838583,0.010958904400467873,0.9748668670654297,0.322835236787796,0.0057001179084181786,0.01552511379122734,0.021917808800935745,0.9536256790161133,0.3227560520172119,0.045848153954191756,0.06420882315347246,0.055028488553832106,0.045848153954191756,0.06420882315347246,0.11606737946000066,4468.0,1048576.0,1,completed
kuairand1k,triple_item_video_metadata__item_resolution__item_category,"item_video_metadata,item_resolution,item_category","item_author_music,item_upload_time",0.051370286457509254,0.0063827538746409115,0.003469902090728283,0.011415526270866394,0.013698630034923553,0.9815573692321777,0.30838024616241455,0.003740296931937337,0.012328767217695713,0.016438355669379234,0.9669622182846069,0.30511680245399475,0.05101766208414302,0.053576706409616925,0.05229718424687997,0.05101766208414302,0.053576706409616925,0.11701705143474575,4468.0,1048576.0,2,completed
kuairand1k,triple_item_video_metadata__item_resolution__item_category,"item_video_metadata,item_resolution,item_category","item_author_music,item_upload_time",0.047329777246788836,0.00474294857122004,0.003562296275049448,0.005936072673648596,0.008219177834689617,0.9888197779655457,0.2594156861305237,0.004285454284399748,0.008349641226232052,0.019178081303834915,0.9793200492858887,0.25635743141174316,0.04365137977240549,0.052547435918609685,0.04809940784550759,0.04365137977240549,0.052547435918609685,0.11786634778257829,4317.0,1048576.0,2,completed
kuairand1k,triple_item_video_metadata__item_upload_time__item_category,"item_video_metadata,item_upload_time,item_category","item_author_music,item_resolution",0.05937618024863346,0.0077667784644290805,0.005022922996431589,0.011415526270866394,0.013698630034923553,0.9773935675621033,0.31946009397506714,0.005876931827515364,0.015198956243693829,0.021917808800935745,0.9599940776824951,0.31756114959716797,0.05639319629462827,0.0645472157592821,0.06047020602695519,0.05639319629462827,0.0645472157592821,0.11541406963043181,4633.0,1048576.0,2,completed
kuairand1k,triple_item_video_metadata__item_upload_time__item_category,"item_video_metadata,item_upload_time,item_category","item_author_music,item_resolution",0.058729632982136015,0.007704712124541402,0.004966267384588718,0.011415526270866394,0.013698630034923553,0.9786730408668518,0.31672409176826477,0.005738983862102032,0.015068492852151394,0.019178081303834915,0.9619938731193542,0.3152252733707428,0.056252024423245,0.06336202241324075,0.05980702341824287,0.056252024423245,0.06336202241324075,0.11607058534786041,4468.0,1048576.0,2,completed
kuairand1k,triple_item_video_metadata__item_upload_time__item_resolution,"item_video_metadata,item_upload_time,item_resolution","item_author_music,item_category",0.04001625353959127,0.0036559576052241026,0.0014880415983498096,0.005479452200233936,0.005479452200233936,0.9887672066688538,0.2861025929450989,0.0028223481494933367,0.011187215335667133,0.016438355669379234,0.977534294128418,0.28738337755203247,0.0326248046794035,0.04879701365285503,0.04071090916612927,0.0326248046794035,0.04879701365285503,0.11636164239130069,4468.0,1048576.0,1,completed
kuairec_v2,all_gate0,"item_author_music,item_video_metadata,item_resolution,item_category,item_upload_time",,0.1596685779976848,0.04657142255455256,0.06029490381479263,0.01712215319275856,0.5857023596763611,0.9152171015739441,0.3788916766643524,0.06041828542947769,0.030806895345449448,0.754319965839386,0.8972253799438477,0.3702671229839325,0.15563374338956737,0.17764125849140686,0.16663750094048713,0.15563374338956737,0.17764125849140686,3.508983357921874,9959.0,524288.0,1,completed
kuairec_v2,all_gate_neg4,"item_author_music,item_video_metadata,item_resolution,item_category,item_upload_time",,0.13735255537298863,0.03397318730130792,0.04365957900881767,0.01148674450814724,0.46279263496398926,0.972419023513794,0.35862189531326294,0.045877888798713684,0.023900283500552177,0.6502229571342468,0.9608351588249207,0.34770259261131287,0.1301386909973478,0.15603322347024112,0.14308595723379447,0.1301386909973478,0.15603322347024112,3.73732273185714,9954.0,524288.0,1,completed
kuairec_v2,drop_item_author_music,"item_video_metadata,item_resolution,item_category,item_upload_time",item_author_music,0.1706150890273656,0.0533282850869,0.06859376281499863,0.0204868633300066,0.589046835899353,0.9229848980903625,0.4795602858066559,0.06866578012704849,0.03609820827841759,0.7547380328178406,0.9023945927619934,0.45099276304244995,0.16790142541550923,0.19073594073182354,0.17931868307366639,0.16790142541550923,0.19073594073182354,2.690283996478249,10344.0,524288.0,2,completed
kuairec_v2,drop_item_author_music,"item_video_metadata,item_resolution,item_category,item_upload_time",item_author_music,0.14192240866908382,0.035729985171929,0.04551045224070549,0.012584247626364231,0.4832775890827179,0.9679241180419922,0.3545890152454376,0.04821215942502022,0.025968732312321663,0.6750278472900391,0.9557142853736877,0.3444269597530365,0.1344223471376656,0.16117889108078087,0.14780061910922324,0.1344223471376656,0.16117889108078087,3.6688846578599987,10104.0,524288.0,2,completed
kuairec_v2,drop_item_category,"item_author_music,item_video_metadata,item_resolution,item_upload_time",item_category,0.12709824383391197,0.029371084412559867,0.03654022514820099,0.012355032376945019,0.4045429229736328,0.9557161927223206,0.5325954556465149,0.038517847657203674,0.022345365956425667,0.5642419457435608,0.9352762699127197,0.5047025084495544,0.12379542398773559,0.14438211376035334,0.13408876887404447,0.12379542398773559,0.14438211376035334,3.587098164407406,10104.0,524288.0,1,completed
kuairec_v2,drop_item_resolution,"item_author_music,item_video_metadata,item_category,item_upload_time",item_resolution,0.13642368835260013,0.03353615584783256,0.04300778731703758,0.011249723844230175,0.4385451376438141,0.9770717024803162,0.36406877636909485,0.045642655342817307,0.023734329268336296,0.6284838318824768,0.9663193821907043,0.35153061151504517,0.1288036382486049,0.15554313509849332,0.14217338667354912,0.1288036382486049,0.15554313509849332,3.4432821000645117,10104.0,524288.0,1,completed
kuairec_v2,drop_item_upload_time,"item_author_music,item_video_metadata,item_resolution,item_category",item_upload_time,0.14178089538664285,0.036271566757932305,0.04666938632726669,0.012247820384800434,0.4607023298740387,0.9775675535202026,0.3579196631908417,0.04890862852334976,0.02538624219596386,0.6443701386451721,0.9666325449943542,0.34659624099731445,0.13445257668349986,0.1609224250362923,0.14768750085989607,0.13445257668349986,0.1609224250362923,3.4501050715161323,10232.0,524288.0,1,completed
kuairec_v2,drop_item_video_metadata,"item_author_music,item_resolution,item_category,item_upload_time",item_video_metadata,0.14681265060852342,0.03887980617582798,0.05042143538594246,0.013244912028312683,0.5061315298080444,0.9732507467269897,0.34463948011398315,0.051457371562719345,0.02639254741370678,0.681438148021698,0.9621230959892273,0.3365654945373535,0.14045921663143837,0.1650953372381689,0.15277727693480364,0.14045921663143837,0.1650953372381689,3.4745790164833275,10104.0,524288.0,1,completed
kuairec_v2,none,,"item_author_music,item_video_metadata,item_resolution,item_category,item_upload_time",0.15573404094283294,0.044311305787414317,0.055689193308353424,0.01941455341875553,0.5139353275299072,0.9669478535652161,0.5395186543464661,0.05576856806874275,0.03247785568237305,0.6560758352279663,0.9488087296485901,0.5123596787452698,0.15472060634302984,0.17404887402605398,0.1643847401845419,0.15472060634302984,0.17404887402605398,3.803121680913043,9542.0,524288.0,1,completed
kuairec_v2,pair_item_author_music__item_category,"item_author_music,item_category","item_video_metadata,item_resolution,item_upload_time",0.15996964141722553,0.046445553191006184,0.0608254037797451,0.016059808433055878,0.5635451674461365,0.9764006733894348,0.34273406863212585,0.06004954129457474,0.030104679986834526,0.7293757200241089,0.9657846093177795,0.33433425426483154,0.155011453730135,0.17786703446717786,0.16643924409865643,0.155011453730135,0.17786703446717786,3.384317727045451,10104.0,524288.0,1,completed
kuairec_v2,pair_item_author_music__item_resolution,"item_author_music,item_resolution","item_video_metadata,item_category,item_upload_time",0.14471380990975993,0.0390203095972538,0.05015411227941513,0.01553124189376831,0.4859253168106079,0.9611143469810486,0.49981358647346497,0.04941992461681366,0.026474542915821075,0.6400501728057861,0.941315770149231,0.47608646750450134,0.14327981787568367,0.1614185163947502,0.15234916713521693,0.14327981787568367,0.1614185163947502,3.770581152152179,10232.0,524288.0,1,completed
kuairec_v2,pair_item_author_music__item_upload_time,"item_author_music,item_upload_time","item_video_metadata,item_resolution,item_category",0.14219432334295173,0.03759216931648553,0.047926582396030426,0.014727138914167881,0.4726867377758026,0.9535281658172607,0.5209742784500122,0.048913195729255676,0.026101140305399895,0.6354514956474304,0.9336740970611572,0.4954944849014282,0.1395790392007035,0.16023941301898767,0.14990922610984558,0.1395790392007035,0.16023941301898767,3.7684909567826215,10104.0,524288.0,2,completed
kuairec_v2,pair_item_author_music__item_upload_time,"item_author_music,item_upload_time","item_video_metadata,item_resolution,item_category",0.13873982037539107,0.037598656956106424,0.05009640008211136,0.012172752991318703,0.5071070194244385,0.9500910043716431,0.5061078071594238,0.049037426710128784,0.021516546607017517,0.665273129940033,0.9340684413909912,0.4783540964126587,0.13701558005517964,0.15518955481250804,0.14610256743384384,0.13701558005517964,0.15518955481250804,3.792429328520863,9421.0,524288.0,2,completed
kuairec_v2,pair_item_author_music__item_video_metadata,"item_author_music,item_video_metadata","item_resolution,item_category,item_upload_time",0.1299364161590718,0.030715541401878,0.03828488290309906,0.012665477581322193,0.41652730107307434,0.9571434259414673,0.5236789584159851,0.04041852056980133,0.023439524695277214,0.5776198506355286,0.9369924068450928,0.4972061812877655,0.1261894095635728,0.14782185927425828,0.13700563441891556,0.1261894095635728,0.14782185927425828,3.7726846895217396,10104.0,524288.0,1,completed
kuairec_v2,pair_item_category__item_upload_time,"item_category,item_upload_time","item_author_music,item_video_metadata,item_resolution",0.15894888314146977,0.045887964125722644,0.06009672209620476,0.01569201610982418,0.5712096095085144,0.9736261367797852,0.3390714228153229,0.05949749797582626,0.029919743537902832,0.7350891828536987,0.9622377753257751,0.3314663767814636,0.15369353570798047,0.17696682333752858,0.16533017952275453,0.15369353570798047,0.17696682333752858,3.6246648293846158,10104.0,524288.0,1,completed
kuairec_v2,pair_item_resolution__item_category,"item_resolution,item_category","item_author_music,item_video_metadata,item_upload_time",0.17467085719028028,0.055749500170350075,0.07071112841367722,0.023109078407287598,0.5965719223022461,0.9148960709571838,0.44512835144996643,0.07137559354305267,0.039103273302316666,0.7536231875419617,0.8937649726867676,0.4224318563938141,0.17211557288887297,0.19418684879691625,0.1831512108428946,0.17211557288887297,0.19418684879691625,3.703225117839273,10033.0,524288.0,2,completed
kuairec_v2,pair_item_resolution__item_category,"item_resolution,item_category","item_author_music,item_video_metadata,item_upload_time",0.15920207085709942,0.04634416429325938,0.060798246413469315,0.015955617651343346,0.5507246255874634,0.9780365228652954,0.3477715849876404,0.05988979712128639,0.029726671054959297,0.7093088030815125,0.9674695134162903,0.3384132981300354,0.15450743240140372,0.17690466962235613,0.1657060510118799,0.15450743240140372,0.17690466962235613,3.3854175728333344,10232.0,524288.0,2,completed
kuairec_v2,pair_item_resolution__item_upload_time,"item_resolution,item_upload_time","item_author_music,item_video_metadata,item_category",0.18445238329980013,0.06554335290566086,0.08618141710758209,0.025145890191197395,0.6337792873382568,0.954710841178894,0.5062064528465271,0.08193284273147583,0.03876245394349098,0.765189528465271,0.9398882389068604,0.48160797357559204,0.18616891152738882,0.2023698254419031,0.19426936848464596,0.18616891152738882,0.2023698254419031,3.9598378733695903,9768.0,524288.0,2,completed
kuairec_v2,pair_item_resolution__item_upload_time,"item_resolution,item_upload_time","item_author_music,item_video_metadata,item_category",0.14721565896712088,0.040199798066169024,0.0510910339653492,0.0161826703697443,0.5027870535850525,0.9611403346061707,0.5602899193763733,0.05188346654176712,0.028260935097932816,0.648829460144043,0.9410949349403381,0.5293627977371216,0.1454490653127257,0.16572795908559823,0.15558851219916198,0.1454490653127257,0.16572795908559823,3.768430329152184,10104.0,524288.0,2,completed
kuairec_v2,pair_item_video_metadata__item_category,"item_video_metadata,item_category","item_author_music,item_resolution,item_upload_time",0.17478343335871804,0.05647610463202,0.07209181040525436,0.02271401882171631,0.5969899892807007,0.9226057529449463,0.47480496764183044,0.07227765023708344,0.03910047188401222,0.7541806101799011,0.903120756149292,0.4468080997467041,0.17241347186704947,0.19486624337696876,0.18363985762200913,0.17241347186704947,0.19486624337696876,3.7743619556964143,10648.0,524288.0,2,completed
kuairec_v2,pair_item_video_metadata__item_category,"item_video_metadata,item_category","item_author_music,item_resolution,item_upload_time",0.14662873839534052,0.038622125424444674,0.04973728582262993,0.013396147638559341,0.4967948794364929,0.972500741481781,0.3499833643436432,0.05137326195836067,0.02698456309735775,0.677118182182312,0.9603118300437927,0.34038159251213074,0.13986098713629447,0.16543020716442342,0.15264559715035894,0.13986098713629447,0.16543020716442342,3.624026057096164,10104.0,524288.0,2,completed
kuairec_v2,pair_item_video_metadata__item_resolution,"item_video_metadata,item_resolution","item_author_music,item_category,item_upload_time",0.20258755286986369,0.0801376954652369,0.10603995621204376,0.031051667407155037,0.6931437849998474,0.9546514749526978,0.5272780060768127,0.09829576313495636,0.04610436037182808,0.8089464902877808,0.9388919472694397,0.5009288787841797,0.20658403585028973,0.22076115678715993,0.21367259631872482,0.20658403585028973,0.22076115678715993,4.041399490782604,10006.0,524288.0,2,completed
kuairec_v2,pair_item_video_metadata__item_resolution,"item_video_metadata,item_resolution","item_author_music,item_category,item_upload_time",0.14232310050594985,0.0372435090597719,0.04825977608561516,0.013199317269027233,0.46780937910079956,0.9819788336753845,0.3841952383518219,0.048865679651498795,0.02483939751982689,0.6275083422660828,0.9720267653465271,0.37312236428260803,0.1375840396030465,0.15958304321154065,0.14858354140729357,0.1375840396030465,0.15958304321154065,3.7702441035217302,10104.0,524288.0,2,completed
kuairec_v2,pair_item_video_metadata__item_upload_time,"item_video_metadata,item_upload_time","item_author_music,item_resolution,item_category",0.13385296235977245,0.03272216636687517,0.0420629121363163,0.011650845408439636,0.43715161085128784,0.9803928136825562,0.3875848352909088,0.04361477494239807,0.022357827052474022,0.6010312438011169,0.9697895646095276,0.3770783543586731,0.12858498750153002,0.15098109873626359,0.1397830431188968,0.12858498750153002,0.15098109873626359,3.7684611082826174,10104.0,524288.0,1,completed
kuairec_v2,single_item_author_music,item_author_music,"item_video_metadata,item_resolution,item_category,item_upload_time",0.1428308714097421,0.03812804562039673,0.049139298498630524,0.014873550273478031,0.4781215190887451,0.9607238173484802,0.4921568036079407,0.048489391803741455,0.025666000321507454,0.6294593214988708,0.9422376751899719,0.46847376227378845,0.14112230997882766,0.15944625842633647,0.15028428420258205,0.14112230997882766,0.15944625842633647,3.7935433593695653,9974.0,524288.0,1,completed
kuairec_v2,single_item_category,item_category,"item_author_music,item_video_metadata,item_resolution,item_upload_time",0.15998610780566022,0.04610795816406608,0.060030531138181686,0.015906674787402153,0.5652173757553101,0.9719281196594238,0.33584028482437134,0.060051172971725464,0.031083479523658752,0.7380155920982361,0.9602175354957581,0.32832783460617065,0.1539301957508149,0.17879411895367295,0.1663621573522439,0.1539301957508149,0.17879411895367295,3.585576630870374,10104.0,524288.0,1,completed
kuairec_v2,single_item_resolution,item_resolution,"item_author_music,item_video_metadata,item_category,item_upload_time",0.2049994132087601,0.0795639406889677,0.1038663238286972,0.03113406151533127,0.696906328201294,0.9578757882118225,0.5024487376213074,0.09977570176124573,0.04880908131599426,0.8161928653717041,0.9428894519805908,0.4783613383769989,0.20647134407932433,0.22524089575070735,0.21585611991501585,0.20647134407932433,0.22524089575070735,3.576322221181809,9234.0,524288.0,2,completed
kuairec_v2,single_item_resolution,item_resolution,"item_author_music,item_video_metadata,item_category,item_upload_time",0.15040107289739815,0.04173885527998209,0.05280788615345955,0.017423029989004135,0.5034838318824768,0.9589330554008484,0.551082968711853,0.053229112178087234,0.029947878792881966,0.6552397012710571,0.9387471079826355,0.5213556289672852,0.1488631629294537,0.1688656197567986,0.15886439134312613,0.1488631629294537,0.1688656197567986,3.771995930999997,10180.0,524288.0,2,completed
kuairec_v2,single_item_upload_time,item_upload_time,"item_author_music,item_video_metadata,item_resolution,item_category",0.1762948891526303,0.057810120191425084,0.07440052926540375,0.022202229127287865,0.6035395860671997,0.9591566920280457,0.5109761953353882,0.07566870748996735,0.03708992153406143,0.7605908513069153,0.9440100193023682,0.48446303606033325,0.1745011501246797,0.19694647438701213,0.18572381225584592,0.1745011501246797,0.19694647438701213,3.5058306434705844,9261.0,524288.0,2,completed
kuairec_v2,single_item_upload_time,item_upload_time,"item_author_music,item_video_metadata,item_resolution,item_category",0.14482597962238683,0.038774645142257216,0.049059126526117325,0.015684396028518677,0.4796544015407562,0.9653176069259644,0.554434597492218,0.05025852471590042,0.027852041646838188,0.6289018988609314,0.9464828372001648,0.5252678394317627,0.14250172307109824,0.1635228349087094,0.15301227898990383,0.14250172307109824,0.1635228349087094,3.770255903739128,10104.0,524288.0,2,completed
kuairec_v2,single_item_video_metadata,item_video_metadata,"item_author_music,item_resolution,item_category,item_upload_time",0.20142402171336884,0.07898205779492856,0.10431066900491714,0.030831612646579742,0.6824135780334473,0.955178439617157,0.5247955918312073,0.09700661152601242,0.045678284019231796,0.7993311285972595,0.9393914937973022,0.4984879195690155,0.20528068252181775,0.21953758180331628,0.21240913216256702,0.20528068252181775,0.21953758180331628,4.014878771369576,9231.0,524288.0,2,completed
kuairec_v2,single_item_video_metadata,item_video_metadata,"item_author_music,item_resolution,item_category,item_upload_time",0.14271425357381962,0.03758920151740312,0.04884318634867668,0.013123642653226852,0.46976029872894287,0.981316864490509,0.3869018256664276,0.049377284944057465,0.024801049381494522,0.6375418305397034,0.9711381793022156,0.37559446692466736,0.1378944914041176,0.1601526504625833,0.14902357093335045,0.1378944914041176,0.1601526504625833,3.7878147461956506,10180.0,524288.0,2,completed
kuairec_v2,triple_item_author_music__item_category__item_upload_time,"item_author_music,item_category,item_upload_time","item_video_metadata,item_resolution",0.1454077242462438,0.03862841692753136,0.050312239676713943,0.012779646553099155,0.4884336590766907,0.9769248962402344,0.34969592094421387,0.05127875879406929,0.025855716317892075,0.6658305525779724,0.9663026332855225,0.34018105268478394,0.1388897110045111,0.1638531084220486,0.15137140971327984,0.1388897110045111,0.1638531084220486,3.6061934018709594,10561.0,524288.0,1,completed
kuairec_v2,triple_item_author_music__item_resolution__item_category,"item_author_music,item_resolution,item_category","item_video_metadata,item_upload_time",0.1574628841535169,0.04498675125651062,0.05868327245116234,0.015606156550347805,0.5517001152038574,0.9772856831550598,0.34599095582962036,0.058598171919584274,0.029538501054048538,0.7246376872062683,0.9668018817901611,0.3369772732257843,0.15211287126328243,0.17563269914172067,0.16387278520250154,0.15211287126328243,0.17563269914172067,3.6185677436935526,10446.0,524288.0,1,completed
kuairec_v2,triple_item_author_music__item_resolution__item_upload_time,"item_author_music,item_resolution,item_upload_time","item_video_metadata,item_category",0.14292980211790118,0.03883615992963314,0.05047261714935303,0.014569852501153946,0.4816053509712219,0.9614530801773071,0.5087721347808838,0.04960658401250839,0.025164006277918816,0.6311315298080444,0.9412994384765625,0.4841301143169403,0.14149583141281463,0.15962724138574372,0.15056153639927916,0.14149583141281463,0.15962724138574372,3.924806055478257,10537.0,524288.0,1,completed
kuairec_v2,triple_item_author_music__item_video_metadata__item_category,"item_author_music,item_video_metadata,item_category","item_resolution,item_upload_time",0.14092948905277664,0.03577658855356276,0.04603506997227669,0.012141657061874866,0.46279263496398926,0.9769822955131531,0.356646865606308,0.04821973294019699,0.024906793609261513,0.6474359035491943,0.9659650921821594,0.34564584493637085,0.13378777321247495,0.15978599152405182,0.14678688236826337,0.13378777321247495,0.15978599152405182,3.440126430774208,10104.0,524288.0,1,completed
kuairec_v2,triple_item_author_music__item_video_metadata__item_resolution,"item_author_music,item_video_metadata,item_resolution","item_category,item_upload_time",0.13113348716718304,0.03121026628650725,0.03880612924695015,0.012999487109482288,0.42070791125297546,0.9556528329849243,0.5279965996742249,0.04114382714033127,0.023857558146119118,0.5877926349639893,0.935951828956604,0.5010302066802979,0.12737112791711788,0.14924210730009055,0.13830661760860422,0.12737112791711788,0.14924210730009055,3.7696421106739053,10104.0,524288.0,1,completed
kuairec_v2,triple_item_author_music__item_video_metadata__item_upload_time,"item_author_music,item_video_metadata,item_upload_time","item_resolution,item_category",0.126589209308901,0.029369421070441604,0.03676915541291237,0.012002314440906048,0.40788739919662476,0.9560794234275818,0.526059091091156,0.038634538650512695,0.02189083956182003,0.566332221031189,0.9358610510826111,0.49953901767730713,0.12322580483523708,0.14377094953373754,0.13349837718448732,0.12322580483523708,0.14377094953373754,3.861787735282593,9922.0,524288.0,1,completed
kuairec_v2,triple_item_resolution__item_category__item_upload_time,"item_resolution,item_category,item_upload_time","item_author_music,item_video_metadata",0.1581634544077154,0.04522545766085386,0.05895756185054779,0.0156145840883255,0.5727424621582031,0.9707255959510803,0.3422688841819763,0.058955252170562744,0.029997428879141808,0.7424749135971069,0.9593297839164734,0.3338950276374817,0.15257778319587584,0.176528740497341,0.1645532618466084,0.15257778319587584,0.176528740497341,3.746612881384618,10262.0,524288.0,1,completed
kuairec_v2,triple_item_video_metadata__item_category__item_upload_time,"item_video_metadata,item_category,item_upload_time","item_author_music,item_resolution",0.1407944973219935,0.03538244375959039,0.045241180807352066,0.012304889038205147,0.4771460294723511,0.970381498336792,0.35264652967453003,0.04768448695540428,0.025329580530524254,0.6679208278656006,0.9582321047782898,0.34242406487464905,0.1334533112141089,0.15974879735597952,0.14660105428504422,0.1334533112141089,0.15974879735597952,3.76708088517309,10039.0,524288.0,1,completed
kuairec_v2,triple_item_video_metadata__item_resolution__item_category,"item_video_metadata,item_resolution,item_category","item_author_music,item_upload_time",0.14485096132372055,0.03754369807429612,0.048115186393260956,0.013064243830740452,0.48690077662467957,0.9731401205062866,0.35034629702568054,0.050314661115407944,0.026728447526693344,0.6709865927696228,0.9613187313079834,0.3405708968639374,0.1376185204028945,0.16397776414965035,0.15079814227627242,0.1376185204028945,0.16397776414965035,3.7156520907931045,10173.0,524288.0,1,completed
kuairec_v2,triple_item_video_metadata__item_resolution__item_upload_time,"item_video_metadata,item_resolution,item_upload_time","item_author_music,item_category",0.13425854501650775,0.03266565846279264,0.04164715111255646,0.011989561840891838,0.4361761510372162,0.9806642532348633,0.38672327995300293,0.04376121237874031,0.022805105894804,0.6038182973861694,0.9703132510185242,0.3761945068836212,0.12878782702669297,0.15160504948330653,0.14019643825499975,0.12878782702669297,0.15160504948330653,3.9318649227826112,10231.0,524288.0,1,completed
movielens1m,all_gate0,item_genre,,0.20334808366010582,0.061372778750956064,0.048118915408849716,0.06754942238330841,0.3016614615917206,0.9643639326095581,0.14755621552467346,0.06222857907414436,0.11091678589582443,0.4112149477005005,0.9458901882171631,0.1280369758605957,0.18759279383928212,0.22680451093855303,0.20719865238891758,0.18759279383928212,0.22680451093855303,1.115356334586977,7394.0,1048576.0,1,completed
movielens1m,all_gate_neg4,item_genre,,0.2437495642588799,0.08756107464432716,0.06610402464866638,0.09965964406728745,0.39996537566185,0.9434592723846436,0.18148234486579895,0.08780700713396072,0.16423100233078003,0.546902060508728,0.9155064821243286,0.17283669114112854,0.22506618361321054,0.27396554850284727,0.2495158660580289,0.22506618361321054,0.27396554850284727,1.1177595156667242,7378.0,1048576.0,1,completed
movielens1m,drop_item_genre,,item_genre,0.25249417541128916,0.09334668926894664,0.0731409564614296,0.10357829928398132,0.41156110167503357,0.9619927406311035,0.16505950689315796,0.09412439912557602,0.16762976348400116,0.5501903891563416,0.9333206415176392,0.15738649666309357,0.2345242585402099,0.2814825553033069,0.2580034069217584,0.2345242585402099,0.2814825553033069,1.1115936115799991,6661.0,1048576.0,1,completed
movielens1m,none,,item_genre,0.25606936044539474,0.09645375534892081,0.07548423856496811,0.10758808255195618,0.42107996344566345,0.9601008892059326,0.17933595180511475,0.09702852368354797,0.17260336875915527,0.5616130232810974,0.9301772713661194,0.16976100206375122,0.23850452927366309,0.285595801136567,0.26205016520511504,0.23850452927366309,0.285595801136567,1.117733867099887,7016.0,1048576.0,13,completed
movielens1m,none,,item_genre,0.2559198929355361,0.09632885754108428,0.07531934976577759,0.1074642539024353,0.4203876852989197,0.9601380825042725,0.1793231964111328,0.09691944718360901,0.17265202105045319,0.5614399313926697,0.9301995635032654,0.16976864635944366,0.2382774097049723,0.28551681848505134,0.2618971140950118,0.2382774097049723,0.28551681848505134,1.1176754168269467,7016.0,1048576.0,13,completed
movielens1m,none,,item_genre,0.2557356801544428,0.09622525349259377,0.07524655014276505,0.10738296806812286,0.4209069013595581,0.9603233933448792,0.17850230634212494,0.09684683382511139,0.17229211330413818,0.561093807220459,0.9304904937744141,0.16914229094982147,0.2381307324131946,0.2852445396382954,0.26168763602574496,0.2381307324131946,0.2852445396382954,1.1158782370200788,7378.0,1048576.0,13,completed
movielens1m,none,,item_genre,0.25573190223276554,0.09622525349259377,0.07524655014276505,0.10738296806812286,0.4209069013595581,0.9603233933448792,0.17850230634212494,0.09684683382511139,0.17229211330413818,0.561093807220459,0.9304904937744141,0.16914229094982147,0.23812721456517488,0.2852403257893363,0.2616837701772556,0.23812721456517488,0.2852403257893363,1.1157981058400765,7394.0,1048576.0,13,completed
movielens1m,none,,item_genre,0.2557077592543133,0.09621452055871486,0.07523755729198456,0.1073320209980011,0.420560747385025,0.9603492617607117,0.1785239726305008,0.09686744958162308,0.1723261922597885,0.5605745911598206,0.9305068850517273,0.16914932429790497,0.23807764001908555,0.28524126318047377,0.26165945159977966,0.23807764001908555,0.28524126318047377,1.1175419284000236,7378.0,1048576.0,13,completed
movielens1m,none,,item_genre,0.25436668534766615,0.0950722496956587,0.07447592914104462,0.10582474619150162,0.4184839129447937,0.9623839855194092,0.1724947988986969,0.09566353261470795,0.1702856868505478,0.5543440580368042,0.9334248900413513,0.16404198110103607,0.2367615674222646,0.283488281851616,0.2601249246369403,0.2367615674222646,0.283488281851616,1.1169495512600407,7378.0,1048576.0,13,completed
movielens1m,none,,item_genre,0.2543600916105151,0.0950722496956587,0.07447592914104462,0.10582474619150162,0.4184839129447937,0.9623839855194092,0.1724947988986969,0.09566353261470795,0.1702856868505478,0.5543440580368042,0.9334248900413513,0.16404198110103607,0.23675543004802105,0.28348093321941054,0.2601181816337158,0.23675543004802105,0.28348093321941054,1.1182305975799682,7378.0,1048576.0,13,completed
movielens1m,none,,item_genre,0.25351792758003033,0.09432604312896728,0.07391278445720673,0.10510562360286713,0.4160609245300293,0.9627065062522888,0.168763667345047,0.09493239223957062,0.16853386163711548,0.5519210696220398,0.9339673519134521,0.16124464571475983,0.2359586557750558,0.2823654405287832,0.2591620481519195,0.2359586557750558,0.2823654405287832,1.1176603225999862,7016.0,1048576.0,13,completed
movielens1m,none,,item_genre,0.2535125075152317,0.09432604312896728,0.07391278445720673,0.10510562360286713,0.4160609245300293,0.9627065062522888,0.168763667345047,0.09493239223957062,0.16853386163711548,0.5519210696220398,0.9339673519134521,0.16124464571475983,0.23595361111720334,0.28235940372105456,0.25915650741912893,0.23595361111720334,0.28235940372105456,1.118717337679991,7016.0,1048576.0,13,completed
movielens1m,none,,item_genre,0.2532585460217671,0.09421975575387478,0.07386842370033264,0.1050340011715889,0.41554170846939087,0.9627998471260071,0.1684296727180481,0.09473787248134613,0.16816362738609314,0.5515749454498291,0.9340694546699524,0.16092804074287415,0.23579055193216072,0.28198412702764986,0.2588873394799053,0.23579055193216072,0.28198412702764986,1.1140724541399687,7400.0,1048576.0,13,completed
movielens1m,none,,item_genre,0.25186642349568705,0.09292728751897812,0.07296913117170334,0.10298972576856613,0.412080317735672,0.962150514125824,0.16218747198581696,0.09372863918542862,0.16635994613170624,0.5481135249137878,0.933631181716919,0.1550518274307251,0.2340357904255625,0.2805355675233139,0.2572856789744382,0.2340357904255625,0.2805355675233139,1.1178215994399217,7016.0,1048576.0,13,completed
movielens1m,none,,item_genre,0.2497820793703855,0.0914972472935915,0.0718350037932396,0.10199051350355148,0.40740740299224854,0.9627816677093506,0.15949751436710358,0.09187904000282288,0.163002610206604,0.5406715273857117,0.9354750514030457,0.15050628781318665,0.23240590658438742,0.27768843889200895,0.2550471727381982,0.23240590658438742,0.27768843889200895,1.1176172812884033,7016.0,1048576.0,13,completed
movielens1m,none,,item_genre,0.24180241946141623,0.08593419678509236,0.0677977055311203,0.09564266353845596,0.39148494601249695,0.9644398093223572,0.15585198998451233,0.08638018369674683,0.1516765058040619,0.5200761556625366,0.9383324980735779,0.147305428981781,0.22517659127115952,0.2684266638766154,0.24680162757388746,0.22517659127115952,0.2684266638766154,1.1142774874341212,7378.0,1048576.0,13,completed
movielens1m,single_item_genre,item_genre,,0.24255222512375885,0.08636840842664242,0.06509383767843246,0.09768940508365631,0.3909657299518585,0.9480675458908081,0.17703408002853394,0.0869607999920845,0.16355018317699432,0.5372101068496704,0.9219592213630676,0.16756489872932434,0.22318678373722006,0.2731197602170996,0.24815327197715983,0.22318678373722006,0.2731197602170996,1.111835940499999,6661.0,1048576.0,1,completed
